ID,x,y,Q (g/s),Error
10,274388.20572922344,4684154.262938957,9.043,4.338894278437858e-10
1,274129.0382549285,4684220.920082884,2.2516,4.338894278437858e-10
8,274382.13735666394,4683976.739275634,5.5392,4.338894278437858e-10
