ID,x,y,Q (g/s),Error
2,274343.68817471195,4684175.855930098,35.0493,3.6353100455907107e-06
